,RMSE,bsl_options,params,scores
0,1.0003280897495466,"{'method': 'als', 'reg_i': 1.0, 'reg_u': 5.0, 'n_epochs': 1.0}","{'bsl_options': {'method': 'als', 'reg_i': 1.0, 'reg_u': 5.0, 'n_epochs': 1.0}}",{'RMSE': 1.0003280897495466}
1,0.9998149095830994,"{'method': 'als', 'reg_i': 1.0, 'reg_u': 5.0, 'n_epochs': 4.5}","{'bsl_options': {'method': 'als', 'reg_i': 1.0, 'reg_u': 5.0, 'n_epochs': 4.5}}",{'RMSE': 0.99981490958309938}
2,0.9998115893144036,"{'method': 'als', 'reg_i': 1.0, 'reg_u': 5.0, 'n_epochs': 8.0}","{'bsl_options': {'method': 'als', 'reg_i': 1.0, 'reg_u': 5.0, 'n_epochs': 8.0}}",{'RMSE': 0.99981158931440361}
3,0.9998097127313854,"{'method': 'als', 'reg_i': 1.0, 'reg_u': 5.0, 'n_epochs': 11.5}","{'bsl_options': {'method': 'als', 'reg_i': 1.0, 'reg_u': 5.0, 'n_epochs': 11.5}}",{'RMSE': 0.99980971273138541}
4,0.9998077846751334,"{'method': 'als', 'reg_i': 1.0, 'reg_u': 5.0, 'n_epochs': 15.0}","{'bsl_options': {'method': 'als', 'reg_i': 1.0, 'reg_u': 5.0, 'n_epochs': 15.0}}",{'RMSE': 0.99980778467513343}
5,1.000071448798522,"{'method': 'als', 'reg_i': 1.0, 'reg_u': 10.0, 'n_epochs': 1.0}","{'bsl_options': {'method': 'als', 'reg_i': 1.0, 'reg_u': 10.0, 'n_epochs': 1.0}}",{'RMSE': 1.0000714487985221}
6,0.9995605667812562,"{'method': 'als', 'reg_i': 1.0, 'reg_u': 10.0, 'n_epochs': 4.5}","{'bsl_options': {'method': 'als', 'reg_i': 1.0, 'reg_u': 10.0, 'n_epochs': 4.5}}",{'RMSE': 0.99956056678125615}
7,0.9995459861348985,"{'method': 'als', 'reg_i': 1.0, 'reg_u': 10.0, 'n_epochs': 8.0}","{'bsl_options': {'method': 'als', 'reg_i': 1.0, 'reg_u': 10.0, 'n_epochs': 8.0}}",{'RMSE': 0.99954598613489853}
8,0.9995393342021066,"{'method': 'als', 'reg_i': 1.0, 'reg_u': 10.0, 'n_epochs': 11.5}","{'bsl_options': {'method': 'als', 'reg_i': 1.0, 'reg_u': 10.0, 'n_epochs': 11.5}}",{'RMSE': 0.99953933420210661}
9,0.9995337059293519,"{'method': 'als', 'reg_i': 1.0, 'reg_u': 10.0, 'n_epochs': 15.0}","{'bsl_options': {'method': 'als', 'reg_i': 1.0, 'reg_u': 10.0, 'n_epochs': 15.0}}",{'RMSE': 0.99953370592935187}
10,1.000028832777809,"{'method': 'als', 'reg_i': 1.0, 'reg_u': 15.0, 'n_epochs': 1.0}","{'bsl_options': {'method': 'als', 'reg_i': 1.0, 'reg_u': 15.0, 'n_epochs': 1.0}}",{'RMSE': 1.0000288327778091}
11,0.9995135943085784,"{'method': 'als', 'reg_i': 1.0, 'reg_u': 15.0, 'n_epochs': 4.5}","{'bsl_options': {'method': 'als', 'reg_i': 1.0, 'reg_u': 15.0, 'n_epochs': 4.5}}",{'RMSE': 0.99951359430857845}
12,0.9994860106204594,"{'method': 'als', 'reg_i': 1.0, 'reg_u': 15.0, 'n_epochs': 8.0}","{'bsl_options': {'method': 'als', 'reg_i': 1.0, 'reg_u': 15.0, 'n_epochs': 8.0}}",{'RMSE': 0.99948601062045939}
13,0.9994755851795974,"{'method': 'als', 'reg_i': 1.0, 'reg_u': 15.0, 'n_epochs': 11.5}","{'bsl_options': {'method': 'als', 'reg_i': 1.0, 'reg_u': 15.0, 'n_epochs': 11.5}}",{'RMSE': 0.99947558517959745}
14,0.9994680554136747,"{'method': 'als', 'reg_i': 1.0, 'reg_u': 15.0, 'n_epochs': 15.0}","{'bsl_options': {'method': 'als', 'reg_i': 1.0, 'reg_u': 15.0, 'n_epochs': 15.0}}",{'RMSE': 0.99946805541367467}
15,1.0001190082003362,"{'method': 'als', 'reg_i': 1.0, 'reg_u': 20.0, 'n_epochs': 1.0}","{'bsl_options': {'method': 'als', 'reg_i': 1.0, 'reg_u': 20.0, 'n_epochs': 1.0}}",{'RMSE': 1.0001190082003362}
16,0.9995949977144591,"{'method': 'als', 'reg_i': 1.0, 'reg_u': 20.0, 'n_epochs': 4.5}","{'bsl_options': {'method': 'als', 'reg_i': 1.0, 'reg_u': 20.0, 'n_epochs': 4.5}}",{'RMSE': 0.99959499771445914}
17,0.9995565008700017,"{'method': 'als', 'reg_i': 1.0, 'reg_u': 20.0, 'n_epochs': 8.0}","{'bsl_options': {'method': 'als', 'reg_i': 1.0, 'reg_u': 20.0, 'n_epochs': 8.0}}",{'RMSE': 0.9995565008700017}
18,0.9995441720359399,"{'method': 'als', 'reg_i': 1.0, 'reg_u': 20.0, 'n_epochs': 11.5}","{'bsl_options': {'method': 'als', 'reg_i': 1.0, 'reg_u': 20.0, 'n_epochs': 11.5}}",{'RMSE': 0.99954417203593993}
19,0.9995364101825619,"{'method': 'als', 'reg_i': 1.0, 'reg_u': 20.0, 'n_epochs': 15.0}","{'bsl_options': {'method': 'als', 'reg_i': 1.0, 'reg_u': 20.0, 'n_epochs': 15.0}}",{'RMSE': 0.9995364101825619}
20,1.0002963756886363,"{'method': 'als', 'reg_i': 1.0, 'reg_u': 25.0, 'n_epochs': 1.0}","{'bsl_options': {'method': 'als', 'reg_i': 1.0, 'reg_u': 25.0, 'n_epochs': 1.0}}",{'RMSE': 1.0002963756886363}
21,0.9997615148183603,"{'method': 'als', 'reg_i': 1.0, 'reg_u': 25.0, 'n_epochs': 4.5}","{'bsl_options': {'method': 'als', 'reg_i': 1.0, 'reg_u': 25.0, 'n_epochs': 4.5}}",{'RMSE': 0.99976151481836029}
22,0.9997151137593236,"{'method': 'als', 'reg_i': 1.0, 'reg_u': 25.0, 'n_epochs': 8.0}","{'bsl_options': {'method': 'als', 'reg_i': 1.0, 'reg_u': 25.0, 'n_epochs': 8.0}}",{'RMSE': 0.99971511375932365}
23,0.9997023074088475,"{'method': 'als', 'reg_i': 1.0, 'reg_u': 25.0, 'n_epochs': 11.5}","{'bsl_options': {'method': 'als', 'reg_i': 1.0, 'reg_u': 25.0, 'n_epochs': 11.5}}",{'RMSE': 0.99970230740884747}
24,0.9996951870757103,"{'method': 'als', 'reg_i': 1.0, 'reg_u': 25.0, 'n_epochs': 15.0}","{'bsl_options': {'method': 'als', 'reg_i': 1.0, 'reg_u': 25.0, 'n_epochs': 15.0}}",{'RMSE': 0.99969518707571026}
25,1.0004029604083904,"{'method': 'als', 'reg_i': 5.75, 'reg_u': 5.0, 'n_epochs': 1.0}","{'bsl_options': {'method': 'als', 'reg_i': 5.75, 'reg_u': 5.0, 'n_epochs': 1.0}}",{'RMSE': 1.0004029604083904}
26,0.9998357179159434,"{'method': 'als', 'reg_i': 5.75, 'reg_u': 5.0, 'n_epochs': 4.5}","{'bsl_options': {'method': 'als', 'reg_i': 5.75, 'reg_u': 5.0, 'n_epochs': 4.5}}",{'RMSE': 0.99983571791594339}
27,0.9998340697958701,"{'method': 'als', 'reg_i': 5.75, 'reg_u': 5.0, 'n_epochs': 8.0}","{'bsl_options': {'method': 'als', 'reg_i': 5.75, 'reg_u': 5.0, 'n_epochs': 8.0}}",{'RMSE': 0.99983406979587008}
28,0.9998331437399403,"{'method': 'als', 'reg_i': 5.75, 'reg_u': 5.0, 'n_epochs': 11.5}","{'bsl_options': {'method': 'als', 'reg_i': 5.75, 'reg_u': 5.0, 'n_epochs': 11.5}}",{'RMSE': 0.99983314373994026}
29,0.9998321764568476,"{'method': 'als', 'reg_i': 5.75, 'reg_u': 5.0, 'n_epochs': 15.0}","{'bsl_options': {'method': 'als', 'reg_i': 5.75, 'reg_u': 5.0, 'n_epochs': 15.0}}",{'RMSE': 0.99983217645684763}
30,1.000146310766478,"{'method': 'als', 'reg_i': 5.75, 'reg_u': 10.0, 'n_epochs': 1.0}","{'bsl_options': {'method': 'als', 'reg_i': 5.75, 'reg_u': 10.0, 'n_epochs': 1.0}}",{'RMSE': 1.0001463107664781}
31,0.999587338277891,"{'method': 'als', 'reg_i': 5.75, 'reg_u': 10.0, 'n_epochs': 4.5}","{'bsl_options': {'method': 'als', 'reg_i': 5.75, 'reg_u': 10.0, 'n_epochs': 4.5}}",{'RMSE': 0.99958733827789104}
32,0.9995762081094122,"{'method': 'als', 'reg_i': 5.75, 'reg_u': 10.0, 'n_epochs': 8.0}","{'bsl_options': {'method': 'als', 'reg_i': 5.75, 'reg_u': 10.0, 'n_epochs': 8.0}}",{'RMSE': 0.99957620810941217}
33,0.9995710301380899,"{'method': 'als', 'reg_i': 5.75, 'reg_u': 10.0, 'n_epochs': 11.5}","{'bsl_options': {'method': 'als', 'reg_i': 5.75, 'reg_u': 10.0, 'n_epochs': 11.5}}",{'RMSE': 0.9995710301380899}
34,0.9995665825912681,"{'method': 'als', 'reg_i': 5.75, 'reg_u': 10.0, 'n_epochs': 15.0}","{'bsl_options': {'method': 'als', 'reg_i': 5.75, 'reg_u': 10.0, 'n_epochs': 15.0}}",{'RMSE': 0.99956658259126807}
35,1.000103896252683,"{'method': 'als', 'reg_i': 5.75, 'reg_u': 15.0, 'n_epochs': 1.0}","{'bsl_options': {'method': 'als', 'reg_i': 5.75, 'reg_u': 15.0, 'n_epochs': 1.0}}",{'RMSE': 1.0001038962526829}
36,0.9995455451216289,"{'method': 'als', 'reg_i': 5.75, 'reg_u': 15.0, 'n_epochs': 4.5}","{'bsl_options': {'method': 'als', 'reg_i': 5.75, 'reg_u': 15.0, 'n_epochs': 4.5}}",{'RMSE': 0.99954554512162885}
37,0.9995220468114283,"{'method': 'als', 'reg_i': 5.75, 'reg_u': 15.0, 'n_epochs': 8.0}","{'bsl_options': {'method': 'als', 'reg_i': 5.75, 'reg_u': 15.0, 'n_epochs': 8.0}}",{'RMSE': 0.99952204681142831}
38,0.999512973808852,"{'method': 'als', 'reg_i': 5.75, 'reg_u': 15.0, 'n_epochs': 11.5}","{'bsl_options': {'method': 'als', 'reg_i': 5.75, 'reg_u': 15.0, 'n_epochs': 11.5}}",{'RMSE': 0.99951297380885196}
39,0.9995063493728671,"{'method': 'als', 'reg_i': 5.75, 'reg_u': 15.0, 'n_epochs': 15.0}","{'bsl_options': {'method': 'als', 'reg_i': 5.75, 'reg_u': 15.0, 'n_epochs': 15.0}}",{'RMSE': 0.99950634937286709}
40,1.0001943988058202,"{'method': 'als', 'reg_i': 5.75, 'reg_u': 20.0, 'n_epochs': 1.0}","{'bsl_options': {'method': 'als', 'reg_i': 5.75, 'reg_u': 20.0, 'n_epochs': 1.0}}",{'RMSE': 1.0001943988058202}
41,0.9996313368303762,"{'method': 'als', 'reg_i': 5.75, 'reg_u': 20.0, 'n_epochs': 4.5}","{'bsl_options': {'method': 'als', 'reg_i': 5.75, 'reg_u': 20.0, 'n_epochs': 4.5}}",{'RMSE': 0.99963133683037619}
42,0.9995968137543645,"{'method': 'als', 'reg_i': 5.75, 'reg_u': 20.0, 'n_epochs': 8.0}","{'bsl_options': {'method': 'als', 'reg_i': 5.75, 'reg_u': 20.0, 'n_epochs': 8.0}}",{'RMSE': 0.99959681375436449}
43,0.9995855304481647,"{'method': 'als', 'reg_i': 5.75, 'reg_u': 20.0, 'n_epochs': 11.5}","{'bsl_options': {'method': 'als', 'reg_i': 5.75, 'reg_u': 20.0, 'n_epochs': 11.5}}",{'RMSE': 0.99958553044816467}
44,0.9995783818715275,"{'method': 'als', 'reg_i': 5.75, 'reg_u': 20.0, 'n_epochs': 15.0}","{'bsl_options': {'method': 'als', 'reg_i': 5.75, 'reg_u': 20.0, 'n_epochs': 15.0}}",{'RMSE': 0.99957838187152748}
45,1.0003721289681107,"{'method': 'als', 'reg_i': 5.75, 'reg_u': 25.0, 'n_epochs': 1.0}","{'bsl_options': {'method': 'als', 'reg_i': 5.75, 'reg_u': 25.0, 'n_epochs': 1.0}}",{'RMSE': 1.0003721289681107}
46,0.9998013610252541,"{'method': 'als', 'reg_i': 5.75, 'reg_u': 25.0, 'n_epochs': 4.5}","{'bsl_options': {'method': 'als', 'reg_i': 5.75, 'reg_u': 25.0, 'n_epochs': 4.5}}",{'RMSE': 0.99980136102525408}
47,0.9997584896674239,"{'method': 'als', 'reg_i': 5.75, 'reg_u': 25.0, 'n_epochs': 8.0}","{'bsl_options': {'method': 'als', 'reg_i': 5.75, 'reg_u': 25.0, 'n_epochs': 8.0}}",{'RMSE': 0.99975848966742387}
48,0.9997464412030954,"{'method': 'als', 'reg_i': 5.75, 'reg_u': 25.0, 'n_epochs': 11.5}","{'bsl_options': {'method': 'als', 'reg_i': 5.75, 'reg_u': 25.0, 'n_epochs': 11.5}}",{'RMSE': 0.99974644120309542}
49,0.9997397320117937,"{'method': 'als', 'reg_i': 5.75, 'reg_u': 25.0, 'n_epochs': 15.0}","{'bsl_options': {'method': 'als', 'reg_i': 5.75, 'reg_u': 25.0, 'n_epochs': 15.0}}",{'RMSE': 0.99973973201179367}
50,1.000494435789458,"{'method': 'als', 'reg_i': 10.5, 'reg_u': 5.0, 'n_epochs': 1.0}","{'bsl_options': {'method': 'als', 'reg_i': 10.5, 'reg_u': 5.0, 'n_epochs': 1.0}}",{'RMSE': 1.0004944357894581}
51,0.9998812501920022,"{'method': 'als', 'reg_i': 10.5, 'reg_u': 5.0, 'n_epochs': 4.5}","{'bsl_options': {'method': 'als', 'reg_i': 10.5, 'reg_u': 5.0, 'n_epochs': 4.5}}",{'RMSE': 0.99988125019200225}
52,0.9998810173869052,"{'method': 'als', 'reg_i': 10.5, 'reg_u': 5.0, 'n_epochs': 8.0}","{'bsl_options': {'method': 'als', 'reg_i': 10.5, 'reg_u': 5.0, 'n_epochs': 8.0}}",{'RMSE': 0.99988101738690516}
53,0.9998809244774891,"{'method': 'als', 'reg_i': 10.5, 'reg_u': 5.0, 'n_epochs': 11.5}","{'bsl_options': {'method': 'als', 'reg_i': 10.5, 'reg_u': 5.0, 'n_epochs': 11.5}}",{'RMSE': 0.99988092447748911}
54,0.9998808263649591,"{'method': 'als', 'reg_i': 10.5, 'reg_u': 5.0, 'n_epochs': 15.0}","{'bsl_options': {'method': 'als', 'reg_i': 10.5, 'reg_u': 5.0, 'n_epochs': 15.0}}",{'RMSE': 0.99988082636495912}
55,1.0002378730819523,"{'method': 'als', 'reg_i': 10.5, 'reg_u': 10.0, 'n_epochs': 1.0}","{'bsl_options': {'method': 'als', 'reg_i': 10.5, 'reg_u': 10.0, 'n_epochs': 1.0}}",{'RMSE': 1.0002378730819523}
56,0.9996387858146984,"{'method': 'als', 'reg_i': 10.5, 'reg_u': 10.0, 'n_epochs': 4.5}","{'bsl_options': {'method': 'als', 'reg_i': 10.5, 'reg_u': 10.0, 'n_epochs': 4.5}}",{'RMSE': 0.99963878581469845}
57,0.9996313993091429,"{'method': 'als', 'reg_i': 10.5, 'reg_u': 10.0, 'n_epochs': 8.0}","{'bsl_options': {'method': 'als', 'reg_i': 10.5, 'reg_u': 10.0, 'n_epochs': 8.0}}",{'RMSE': 0.99963139930914291}
58,0.9996279417778444,"{'method': 'als', 'reg_i': 10.5, 'reg_u': 10.0, 'n_epochs': 11.5}","{'bsl_options': {'method': 'als', 'reg_i': 10.5, 'reg_u': 10.0, 'n_epochs': 11.5}}",{'RMSE': 0.99962794177784442}
59,0.9996249598752872,"{'method': 'als', 'reg_i': 10.5, 'reg_u': 10.0, 'n_epochs': 15.0}","{'bsl_options': {'method': 'als', 'reg_i': 10.5, 'reg_u': 10.0, 'n_epochs': 15.0}}",{'RMSE': 0.99962495987528721}
60,1.0001956914484853,"{'method': 'als', 'reg_i': 10.5, 'reg_u': 15.0, 'n_epochs': 1.0}","{'bsl_options': {'method': 'als', 'reg_i': 10.5, 'reg_u': 15.0, 'n_epochs': 1.0}}",{'RMSE': 1.0001956914484853}
61,0.9996022629581572,"{'method': 'als', 'reg_i': 10.5, 'reg_u': 15.0, 'n_epochs': 4.5}","{'bsl_options': {'method': 'als', 'reg_i': 10.5, 'reg_u': 15.0, 'n_epochs': 4.5}}",{'RMSE': 0.99960226295815724}
62,0.9995835263889781,"{'method': 'als', 'reg_i': 10.5, 'reg_u': 15.0, 'n_epochs': 8.0}","{'bsl_options': {'method': 'als', 'reg_i': 10.5, 'reg_u': 15.0, 'n_epochs': 8.0}}",{'RMSE': 0.99958352638897807}
63,0.999576226278752,"{'method': 'als', 'reg_i': 10.5, 'reg_u': 15.0, 'n_epochs': 11.5}","{'bsl_options': {'method': 'als', 'reg_i': 10.5, 'reg_u': 15.0, 'n_epochs': 11.5}}",{'RMSE': 0.99957622627875198}
64,0.9995708893572135,"{'method': 'als', 'reg_i': 10.5, 'reg_u': 15.0, 'n_epochs': 15.0}","{'bsl_options': {'method': 'als', 'reg_i': 10.5, 'reg_u': 15.0, 'n_epochs': 15.0}}",{'RMSE': 0.9995708893572135}
65,1.0002865131410892,"{'method': 'als', 'reg_i': 10.5, 'reg_u': 20.0, 'n_epochs': 1.0}","{'bsl_options': {'method': 'als', 'reg_i': 10.5, 'reg_u': 20.0, 'n_epochs': 1.0}}",{'RMSE': 1.0002865131410892}
66,0.9996924387906678,"{'method': 'als', 'reg_i': 10.5, 'reg_u': 20.0, 'n_epochs': 4.5}","{'bsl_options': {'method': 'als', 'reg_i': 10.5, 'reg_u': 20.0, 'n_epochs': 4.5}}",{'RMSE': 0.99969243879066783}
67,0.9996628180428233,"{'method': 'als', 'reg_i': 10.5, 'reg_u': 20.0, 'n_epochs': 8.0}","{'bsl_options': {'method': 'als', 'reg_i': 10.5, 'reg_u': 20.0, 'n_epochs': 8.0}}",{'RMSE': 0.99966281804282331}
68,0.9996530501827923,"{'method': 'als', 'reg_i': 10.5, 'reg_u': 20.0, 'n_epochs': 11.5}","{'bsl_options': {'method': 'als', 'reg_i': 10.5, 'reg_u': 20.0, 'n_epochs': 11.5}}",{'RMSE': 0.99965305018279227}
69,0.9996468728463178,"{'method': 'als', 'reg_i': 10.5, 'reg_u': 20.0, 'n_epochs': 15.0}","{'bsl_options': {'method': 'als', 'reg_i': 10.5, 'reg_u': 20.0, 'n_epochs': 15.0}}",{'RMSE': 0.99964687284631781}
70,1.0004646089466036,"{'method': 'als', 'reg_i': 10.5, 'reg_u': 25.0, 'n_epochs': 1.0}","{'bsl_options': {'method': 'als', 'reg_i': 10.5, 'reg_u': 25.0, 'n_epochs': 1.0}}",{'RMSE': 1.0004646089466036}
71,0.9998659411485984,"{'method': 'als', 'reg_i': 10.5, 'reg_u': 25.0, 'n_epochs': 4.5}","{'bsl_options': {'method': 'als', 'reg_i': 10.5, 'reg_u': 25.0, 'n_epochs': 4.5}}",{'RMSE': 0.99986594114859839}
72,0.9998276893714706,"{'method': 'als', 'reg_i': 10.5, 'reg_u': 25.0, 'n_epochs': 8.0}","{'bsl_options': {'method': 'als', 'reg_i': 10.5, 'reg_u': 25.0, 'n_epochs': 8.0}}",{'RMSE': 0.9998276893714706}
73,0.9998168576852726,"{'method': 'als', 'reg_i': 10.5, 'reg_u': 25.0, 'n_epochs': 11.5}","{'bsl_options': {'method': 'als', 'reg_i': 10.5, 'reg_u': 25.0, 'n_epochs': 11.5}}",{'RMSE': 0.99981685768527262}
74,0.9998108551839491,"{'method': 'als', 'reg_i': 10.5, 'reg_u': 25.0, 'n_epochs': 15.0}","{'bsl_options': {'method': 'als', 'reg_i': 10.5, 'reg_u': 25.0, 'n_epochs': 15.0}}",{'RMSE': 0.99981085518394908}
75,1.0005981267515442,"{'method': 'als', 'reg_i': 15.25, 'reg_u': 5.0, 'n_epochs': 1.0}","{'bsl_options': {'method': 'als', 'reg_i': 15.25, 'reg_u': 5.0, 'n_epochs': 1.0}}",{'RMSE': 1.0005981267515442}
76,0.9999444347463542,"{'method': 'als', 'reg_i': 15.25, 'reg_u': 5.0, 'n_epochs': 4.5}","{'bsl_options': {'method': 'als', 'reg_i': 15.25, 'reg_u': 5.0, 'n_epochs': 4.5}}",{'RMSE': 0.99994443474635419}
77,0.9999449039893651,"{'method': 'als', 'reg_i': 15.25, 'reg_u': 5.0, 'n_epochs': 8.0}","{'bsl_options': {'method': 'als', 'reg_i': 15.25, 'reg_u': 5.0, 'n_epochs': 8.0}}",{'RMSE': 0.99994490398936509}
78,0.9999452492004126,"{'method': 'als', 'reg_i': 15.25, 'reg_u': 5.0, 'n_epochs': 11.5}","{'bsl_options': {'method': 'als', 'reg_i': 15.25, 'reg_u': 5.0, 'n_epochs': 11.5}}",{'RMSE': 0.99994524920041261}
79,0.9999456229104999,"{'method': 'als', 'reg_i': 15.25, 'reg_u': 5.0, 'n_epochs': 15.0}","{'bsl_options': {'method': 'als', 'reg_i': 15.25, 'reg_u': 5.0, 'n_epochs': 15.0}}",{'RMSE': 0.99994562291049993}
80,1.0003416339162041,"{'method': 'als', 'reg_i': 15.25, 'reg_u': 10.0, 'n_epochs': 1.0}","{'bsl_options': {'method': 'als', 'reg_i': 15.25, 'reg_u': 10.0, 'n_epochs': 1.0}}",{'RMSE': 1.0003416339162041}
81,0.999707969438896,"{'method': 'als', 'reg_i': 15.25, 'reg_u': 10.0, 'n_epochs': 4.5}","{'bsl_options': {'method': 'als', 'reg_i': 15.25, 'reg_u': 10.0, 'n_epochs': 4.5}}",{'RMSE': 0.99970796943889595}
82,0.9997040824117389,"{'method': 'als', 'reg_i': 15.25, 'reg_u': 10.0, 'n_epochs': 8.0}","{'bsl_options': {'method': 'als', 'reg_i': 15.25, 'reg_u': 10.0, 'n_epochs': 8.0}}",{'RMSE': 0.99970408241173891}
83,0.9997022727639834,"{'method': 'als', 'reg_i': 15.25, 'reg_u': 10.0, 'n_epochs': 11.5}","{'bsl_options': {'method': 'als', 'reg_i': 15.25, 'reg_u': 10.0, 'n_epochs': 11.5}}",{'RMSE': 0.99970227276398338}
84,0.9997007128442883,"{'method': 'als', 'reg_i': 15.25, 'reg_u': 10.0, 'n_epochs': 15.0}","{'bsl_options': {'method': 'als', 'reg_i': 15.25, 'reg_u': 10.0, 'n_epochs': 15.0}}",{'RMSE': 0.9997007128442883}
85,1.0002997185660985,"{'method': 'als', 'reg_i': 15.25, 'reg_u': 15.0, 'n_epochs': 1.0}","{'bsl_options': {'method': 'als', 'reg_i': 15.25, 'reg_u': 15.0, 'n_epochs': 1.0}}",{'RMSE': 1.0002997185660985}
86,0.999676716870492,"{'method': 'als', 'reg_i': 15.25, 'reg_u': 15.0, 'n_epochs': 4.5}","{'bsl_options': {'method': 'als', 'reg_i': 15.25, 'reg_u': 15.0, 'n_epochs': 4.5}}",{'RMSE': 0.99967671687049198}
87,0.9996628547093515,"{'method': 'als', 'reg_i': 15.25, 'reg_u': 15.0, 'n_epochs': 8.0}","{'bsl_options': {'method': 'als', 'reg_i': 15.25, 'reg_u': 15.0, 'n_epochs': 8.0}}",{'RMSE': 0.99966285470935146}
88,0.9996574412084758,"{'method': 'als', 'reg_i': 15.25, 'reg_u': 15.0, 'n_epochs': 11.5}","{'bsl_options': {'method': 'als', 'reg_i': 15.25, 'reg_u': 15.0, 'n_epochs': 11.5}}",{'RMSE': 0.99965744120847577}
89,0.9996534975195157,"{'method': 'als', 'reg_i': 15.25, 'reg_u': 15.0, 'n_epochs': 15.0}","{'bsl_options': {'method': 'als', 'reg_i': 15.25, 'reg_u': 15.0, 'n_epochs': 15.0}}",{'RMSE': 0.99965349751951571}
90,1.0003908553158873,"{'method': 'als', 'reg_i': 15.25, 'reg_u': 20.0, 'n_epochs': 1.0}","{'bsl_options': {'method': 'als', 'reg_i': 15.25, 'reg_u': 20.0, 'n_epochs': 1.0}}",{'RMSE': 1.0003908553158873}
91,0.999771222471052,"{'method': 'als', 'reg_i': 15.25, 'reg_u': 20.0, 'n_epochs': 4.5}","{'bsl_options': {'method': 'als', 'reg_i': 15.25, 'reg_u': 20.0, 'n_epochs': 4.5}}",{'RMSE': 0.99977122247105199}
92,0.9997468783598094,"{'method': 'als', 'reg_i': 15.25, 'reg_u': 20.0, 'n_epochs': 8.0}","{'bsl_options': {'method': 'als', 'reg_i': 15.25, 'reg_u': 20.0, 'n_epochs': 8.0}}",{'RMSE': 0.99974687835980935}
93,0.9997388311150825,"{'method': 'als', 'reg_i': 15.25, 'reg_u': 20.0, 'n_epochs': 11.5}","{'bsl_options': {'method': 'als', 'reg_i': 15.25, 'reg_u': 20.0, 'n_epochs': 11.5}}",{'RMSE': 0.99973883111508255}
94,0.9997337717474255,"{'method': 'als', 'reg_i': 15.25, 'reg_u': 20.0, 'n_epochs': 15.0}","{'bsl_options': {'method': 'als', 'reg_i': 15.25, 'reg_u': 20.0, 'n_epochs': 15.0}}",{'RMSE': 0.9997337717474255}
95,1.000569313164605,"{'method': 'als', 'reg_i': 15.25, 'reg_u': 25.0, 'n_epochs': 1.0}","{'bsl_options': {'method': 'als', 'reg_i': 15.25, 'reg_u': 25.0, 'n_epochs': 1.0}}",{'RMSE': 1.000569313164605}
96,0.9999482221025322,"{'method': 'als', 'reg_i': 15.25, 'reg_u': 25.0, 'n_epochs': 4.5}","{'bsl_options': {'method': 'als', 'reg_i': 15.25, 'reg_u': 25.0, 'n_epochs': 4.5}}",{'RMSE': 0.9999482221025322}
97,0.9999151262963974,"{'method': 'als', 'reg_i': 15.25, 'reg_u': 25.0, 'n_epochs': 8.0}","{'bsl_options': {'method': 'als', 'reg_i': 15.25, 'reg_u': 25.0, 'n_epochs': 8.0}}",{'RMSE': 0.99991512629639745}
98,0.9999057426494988,"{'method': 'als', 'reg_i': 15.25, 'reg_u': 25.0, 'n_epochs': 11.5}","{'bsl_options': {'method': 'als', 'reg_i': 15.25, 'reg_u': 25.0, 'n_epochs': 11.5}}",{'RMSE': 0.99990574264949883}
99,0.999900584097124,"{'method': 'als', 'reg_i': 15.25, 'reg_u': 25.0, 'n_epochs': 15.0}","{'bsl_options': {'method': 'als', 'reg_i': 15.25, 'reg_u': 25.0, 'n_epochs': 15.0}}",{'RMSE': 0.99990058409712401}
100,1.0007114291223815,"{'method': 'als', 'reg_i': 20.0, 'reg_u': 5.0, 'n_epochs': 1.0}","{'bsl_options': {'method': 'als', 'reg_i': 20.0, 'reg_u': 5.0, 'n_epochs': 1.0}}",{'RMSE': 1.0007114291223815}
101,1.0000212733874245,"{'method': 'als', 'reg_i': 20.0, 'reg_u': 5.0, 'n_epochs': 4.5}","{'bsl_options': {'method': 'als', 'reg_i': 20.0, 'reg_u': 5.0, 'n_epochs': 4.5}}",{'RMSE': 1.0000212733874245}
102,1.0000215151463787,"{'method': 'als', 'reg_i': 20.0, 'reg_u': 5.0, 'n_epochs': 8.0}","{'bsl_options': {'method': 'als', 'reg_i': 20.0, 'reg_u': 5.0, 'n_epochs': 8.0}}",{'RMSE': 1.0000215151463787}
103,1.0000217904074773,"{'method': 'als', 'reg_i': 20.0, 'reg_u': 5.0, 'n_epochs': 11.5}","{'bsl_options': {'method': 'als', 'reg_i': 20.0, 'reg_u': 5.0, 'n_epochs': 11.5}}",{'RMSE': 1.0000217904074773}
104,1.000022130035554,"{'method': 'als', 'reg_i': 20.0, 'reg_u': 5.0, 'n_epochs': 15.0}","{'bsl_options': {'method': 'als', 'reg_i': 20.0, 'reg_u': 5.0, 'n_epochs': 15.0}}",{'RMSE': 1.0000221300355541}
105,1.0004550170718842,"{'method': 'als', 'reg_i': 20.0, 'reg_u': 10.0, 'n_epochs': 1.0}","{'bsl_options': {'method': 'als', 'reg_i': 20.0, 'reg_u': 10.0, 'n_epochs': 1.0}}",{'RMSE': 1.0004550170718842}
106,0.9997907868656887,"{'method': 'als', 'reg_i': 20.0, 'reg_u': 10.0, 'n_epochs': 4.5}","{'bsl_options': {'method': 'als', 'reg_i': 20.0, 'reg_u': 10.0, 'n_epochs': 4.5}}",{'RMSE': 0.99979078686568867}
107,0.999789873547648,"{'method': 'als', 'reg_i': 20.0, 'reg_u': 10.0, 'n_epochs': 8.0}","{'bsl_options': {'method': 'als', 'reg_i': 20.0, 'reg_u': 10.0, 'n_epochs': 8.0}}",{'RMSE': 0.99978987354764803}
108,0.9997894798784221,"{'method': 'als', 'reg_i': 20.0, 'reg_u': 10.0, 'n_epochs': 11.5}","{'bsl_options': {'method': 'als', 'reg_i': 20.0, 'reg_u': 10.0, 'n_epochs': 11.5}}",{'RMSE': 0.99978947987842215}
109,0.9997891413267914,"{'method': 'als', 'reg_i': 20.0, 'reg_u': 10.0, 'n_epochs': 15.0}","{'bsl_options': {'method': 'als', 'reg_i': 20.0, 'reg_u': 10.0, 'n_epochs': 15.0}}",{'RMSE': 0.99978914132679142}
110,1.0004133704579603,"{'method': 'als', 'reg_i': 20.0, 'reg_u': 15.0, 'n_epochs': 1.0}","{'bsl_options': {'method': 'als', 'reg_i': 20.0, 'reg_u': 15.0, 'n_epochs': 1.0}}",{'RMSE': 1.0004133704579603}
111,0.9997648377163365,"{'method': 'als', 'reg_i': 20.0, 'reg_u': 15.0, 'n_epochs': 4.5}","{'bsl_options': {'method': 'als', 'reg_i': 20.0, 'reg_u': 15.0, 'n_epochs': 4.5}}",{'RMSE': 0.99976483771633651}
112,0.9997556311436353,"{'method': 'als', 'reg_i': 20.0, 'reg_u': 15.0, 'n_epochs': 8.0}","{'bsl_options': {'method': 'als', 'reg_i': 20.0, 'reg_u': 15.0, 'n_epochs': 8.0}}",{'RMSE': 0.9997556311436353}
113,0.9997520441138317,"{'method': 'als', 'reg_i': 20.0, 'reg_u': 15.0, 'n_epochs': 11.5}","{'bsl_options': {'method': 'als', 'reg_i': 20.0, 'reg_u': 15.0, 'n_epochs': 11.5}}",{'RMSE': 0.99975204411383167}
114,0.9997494472052931,"{'method': 'als', 'reg_i': 20.0, 'reg_u': 15.0, 'n_epochs': 15.0}","{'bsl_options': {'method': 'als', 'reg_i': 20.0, 'reg_u': 15.0, 'n_epochs': 15.0}}",{'RMSE': 0.99974944720529313}
115,1.000504820320229,"{'method': 'als', 'reg_i': 20.0, 'reg_u': 20.0, 'n_epochs': 1.0}","{'bsl_options': {'method': 'als', 'reg_i': 20.0, 'reg_u': 20.0, 'n_epochs': 1.0}}",{'RMSE': 1.0005048203202289}
116,0.9998636370825608,"{'method': 'als', 'reg_i': 20.0, 'reg_u': 20.0, 'n_epochs': 4.5}","{'bsl_options': {'method': 'als', 'reg_i': 20.0, 'reg_u': 20.0, 'n_epochs': 4.5}}",{'RMSE': 0.99986363708256076}
117,0.9998445868986655,"{'method': 'als', 'reg_i': 20.0, 'reg_u': 20.0, 'n_epochs': 8.0}","{'bsl_options': {'method': 'als', 'reg_i': 20.0, 'reg_u': 20.0, 'n_epochs': 8.0}}",{'RMSE': 0.99984458689866551}
118,0.9998382998978834,"{'method': 'als', 'reg_i': 20.0, 'reg_u': 20.0, 'n_epochs': 11.5}","{'bsl_options': {'method': 'als', 'reg_i': 20.0, 'reg_u': 20.0, 'n_epochs': 11.5}}",{'RMSE': 0.99983829989788342}
119,0.9998343804987162,"{'method': 'als', 'reg_i': 20.0, 'reg_u': 20.0, 'n_epochs': 15.0}","{'bsl_options': {'method': 'als', 'reg_i': 20.0, 'reg_u': 20.0, 'n_epochs': 15.0}}",{'RMSE': 0.9998343804987162}
120,1.0006836293553176,"{'method': 'als', 'reg_i': 20.0, 'reg_u': 25.0, 'n_epochs': 1.0}","{'bsl_options': {'method': 'als', 'reg_i': 20.0, 'reg_u': 25.0, 'n_epochs': 1.0}}",{'RMSE': 1.0006836293553176}
121,1.000044151237336,"{'method': 'als', 'reg_i': 20.0, 'reg_u': 25.0, 'n_epochs': 4.5}","{'bsl_options': {'method': 'als', 'reg_i': 20.0, 'reg_u': 25.0, 'n_epochs': 4.5}}",{'RMSE': 1.0000441512373359}
122,1.0000163970728497,"{'method': 'als', 'reg_i': 20.0, 'reg_u': 25.0, 'n_epochs': 8.0}","{'bsl_options': {'method': 'als', 'reg_i': 20.0, 'reg_u': 25.0, 'n_epochs': 8.0}}",{'RMSE': 1.0000163970728497}
123,1.0000085477833374,"{'method': 'als', 'reg_i': 20.0, 'reg_u': 25.0, 'n_epochs': 11.5}","{'bsl_options': {'method': 'als', 'reg_i': 20.0, 'reg_u': 25.0, 'n_epochs': 11.5}}",{'RMSE': 1.0000085477833374}
124,1.0000042759467913,"{'method': 'als', 'reg_i': 20.0, 'reg_u': 25.0, 'n_epochs': 15.0}","{'bsl_options': {'method': 'als', 'reg_i': 20.0, 'reg_u': 25.0, 'n_epochs': 15.0}}",{'RMSE': 1.0000042759467913}
